{
  "version": "2020.2",
  "applications": [],
  "platforms": [
    {
      "name": "audio_recorder_wrapper"
    }
  ],
  "systems": [
    {
      "name": "audio_recorder_system",
      "platform": "S:/Documents/ENSC452/Milestone0/audio_recorder/workspace/audio_recorder_wrapper/export/audio_recorder_wrapper/audio_recorder_wrapper.xpfm",
      "sysConfig": "audio_recorder_wrapper",
      "buildConfig": "Debug",
      "applications": [
        {
          "name": "audio_recorder",
          "platform": "S:/Documents/ENSC452/Milestone0/audio_recorder/workspace/audio_recorder_wrapper/export/audio_recorder_wrapper/audio_recorder_wrapper.xpfm",
          "platformPath": "C:\\Users\\saz5\\Downloads\\audio_recorder\\workspace\\audio_recorder_wrapper\\export\\audio_recorder_wrapper",
          "sysConfig": "audio_recorder_wrapper",
          "domain": "standalone_ps7_cortexa9_0",
          "system": "audio_recorder_system"
        }
      ],
      "platformPath": "C:\\Users\\saz5\\Downloads\\audio_recorder\\workspace\\audio_recorder_wrapper\\export\\audio_recorder_wrapper"
    }
  ],
  "others": []
}